<?xml version="1.0" encoding="UTF-8"?>
<project-private xmlns="http://www.netbeans.org/ns/project-private/1">
    <editor-bookmarks xmlns="http://www.netbeans.org/ns/editor-bookmarks/2" lastBookmarkId="0"/>
    <open-files xmlns="http://www.netbeans.org/ns/projectui-open-files/2">
        <group>
            <file>file:/C:/Users/mgrier123/Documents/embeddedmotors/team11embedded/Team_11_Project/firmware/src/motors.c</file>
            <file>file:/C:/Users/mgrier123/Documents/embeddedmotors/team11embedded/Team_11_Project/firmware/src/navigation.h</file>
            <file>file:/C:/Users/mgrier123/Documents/embeddedmotors/team11embedded/Team_11_Project/firmware/src/IR_Sensor.h</file>
            <file>file:/C:/Users/mgrier123/Documents/embeddedmotors/team11embedded/Team_11_Project/firmware/src/wifly.h</file>
            <file>file:/C:/Users/mgrier123/Documents/embeddedmotors/team11embedded/Team_11_Project/firmware/src/IR_Sensor.c</file>
            <file>file:/C:/Users/mgrier123/Documents/embeddedmotors/team11embedded/Team_11_Project/firmware/src/navigation.c</file>
            <file>file:/C:/Users/mgrier123/Documents/embeddedmotors/team11embedded/Team_11_Project/firmware/src/motors.h</file>
            <file>file:/C:/Users/mgrier123/Documents/embeddedmotors/team11embedded/Team_11_Project/firmware/src/wifly.c</file>
        </group>
    </open-files>
</project-private>
